﻿<?xml version="1.0" encoding="utf-8"?>
<abapGit version="v1.0.0" serializer="LCL_OBJECT_IWVB" serializer_version="v1.0.0">
 <asx:abap xmlns:asx="http://www.sap.com/abapxml" version="1.0">
  <asx:values>
   <_-IWBEP_-I_MGW_VAA>
    <_-IWBEP_-I_MGW_VAA>
     <ANNO_TECH_NAME>YD437D_UI_TRAVEL_02_VAN</ANNO_TECH_NAME>
     <ANNO_VERSION>0001</ANNO_VERSION>
     <SERV_TECH_NAME>YD437D_UI_TRAVEL_02</SERV_TECH_NAME>
     <SERV_VERSION>0001</SERV_VERSION>
     <IS_MAIN_SERVICE>X</IS_MAIN_SERVICE>
     <SERV_ALIAS>SAP</SERV_ALIAS>
     <SCHEMA_NAMESPACE>YD437D_UI_TRAVEL_02</SCHEMA_NAMESPACE>
    </_-IWBEP_-I_MGW_VAA>
   </_-IWBEP_-I_MGW_VAA>
   <_-IWBEP_-I_MGW_VAH>
    <_-IWBEP_-I_MGW_VAH>
     <TECHNICAL_NAME>YD437D_UI_TRAVEL_02_VAN</TECHNICAL_NAME>
     <VERSION>0001</VERSION>
     <CLASS_NAME>CL_SADL_GW_CDS_EXPOSURE_APC</CLASS_NAME>
    </_-IWBEP_-I_MGW_VAH>
   </_-IWBEP_-I_MGW_VAH>
  </asx:values>
 </asx:abap>
</abapGit>
