﻿<?xml version="1.0" encoding="utf-8"?>
<abapGit version="v1.0.0" serializer="LCL_OBJECT_BDEF" serializer_version="v1.0.0">
 <asx:abap xmlns:asx="http://www.sap.com/abapxml" version="1.0">
  <asx:values>
   <BDEF>
    <NAME>YD437D_C_TRAVEL</NAME>
    <TYPE>BDEF/BDO</TYPE>
    <DESCRIPTION>Projection YD437D_I_TRAVEL</DESCRIPTION>
    <DESCRIPTION_TEXT_LIMIT>60</DESCRIPTION_TEXT_LIMIT>
    <LANGUAGE>EN</LANGUAGE>
    <LINKS>
     <item>
      <HREF>./yd437d_c_travel/source/main/versions</HREF>
      <REL>http://www.sap.com/adt/relations/versions</REL>
      <TITLE>Historic versions</TITLE>
     </item>
     <item>
      <HREF>/sap/bc/adt/repository/informationsystem/abaplanguageversions?uri=%2Fsap%2Fbc%2Fadt%2Fbo%2Fbehaviordefinitions%2Fyd437d_c_travel</HREF>
      <REL>http://www.sap.com/adt/relations/informationsystem/abaplanguageversions</REL>
      <TYPE>application/vnd.sap.adt.nameditems.v1+xml</TYPE>
      <TITLE>Allowed ABAP language versions</TITLE>
     </item>
     <item>
      <HREF>./yd437d_c_travel/source/main</HREF>
      <REL>http://www.sap.com/adt/relations/source</REL>
      <TYPE>text/plain</TYPE>
      <TITLE>Source Content</TITLE>
     </item>
     <item>
      <HREF>./yd437d_c_travel/source/main</HREF>
      <REL>http://www.sap.com/adt/relations/source</REL>
      <TYPE>text/html</TYPE>
      <TITLE>Source Content (HTML)</TITLE>
     </item>
     <item>
      <HREF>./yd437d_c_travel/objectstructure</HREF>
      <REL>http://www.sap.com/adt/relations/objectstructure</REL>
      <TITLE>Object Structure</TITLE>
     </item>
     <item>
      <HREF>/sap/bc/adt/vit/wb/object_type/bdefbdo/object_name/YD437D_C_TRAVEL</HREF>
      <REL>self</REL>
      <TYPE>application/vnd.sap.sapgui</TYPE>
      <TITLE>Representation in SAP GUI</TITLE>
     </item>
    </LINKS>
    <MASTER_LANGUAGE>ZH</MASTER_LANGUAGE>
    <ABAP_LANGU_VERSION>X</ABAP_LANGU_VERSION>
    <SOURCE_URI>./yd437d_c_travel/source/main</SOURCE_URI>
    <SOURCE_TYPE>ABAP_SOURCE</SOURCE_TYPE>
    <SOURCE_FIXED_POINT_ARITHMETIC>true</SOURCE_FIXED_POINT_ARITHMETIC>
    <SOURCE_UNICODE_CHECKS_ACTIVE>true</SOURCE_UNICODE_CHECKS_ACTIVE>
   </BDEF>
  </asx:values>
 </asx:abap>
</abapGit>
